"Pass []","re(Mode(1)) [g]","re(Mode(2)) [g]"
1,2.31338127358743,3.9002806256284
2,2.59842815033121,5.15725500184189
3,2.79500192084813,5.77717928357945
4,2.92858671331988,6.0539298911097
5,2.98133097754169,6.18331370771283
6,3.01663326106455,6.26500567949549
7,3.04272536833283,6.31936953248084
8,3.05352875042217,6.35154821560913
9,3.0552986793436,6.38013296647928
10,3.05210220191949,6.39731206032047
11,3.05174003340223,6.41092982178217
12,3.05153727961816,6.41929246084029
