"Pass []","re(Mode(1)) [g]","re(Mode(2)) [g]"
1,3.53749244012476,4.35509326022352
2,4.36950477532377,4.96707949110609
3,5.3321599433227,5.39597743410098
4,5.60849616255899,5.96607154018809
5,5.78647581095674,6.08549877801469
6,5.91841463104018,6.17777490782084
7,5.97409016262158,6.21575654996524
8,5.98568777123056,6.23591135032313
9,5.99569620351805,6.26525034835893
10,5.99710904067803,6.30093603670987
11,6.00140132652504,6.33076977418054
12,6.00319920624658,6.35731681381384
