"Pass []","re(Mode(1)) [g]","re(Mode(2)) [g]"
1,4.05968535223447,4.69567361862417
2,5.02824579967803,5.09381263270181
3,5.68833980342242,5.89592014251448
4,5.97213127419666,6.40330927089394
5,6.1059492801461,6.73594657121534
6,6.19637330058076,6.88131140517377
7,6.25579703923241,6.95297464799767
8,6.30045257547064,7.0023131137157
9,6.33426239346352,7.02817079685632
10,6.3652774086447,7.04448608204079
11,6.38578561584985,7.05115810105348
12,6.40249036959158,7.06042334199868
