"Pass []","re(Mode(1)) [g]","re(Mode(2)) [g]"
1,3.49522976495543,4.59004092993904
2,4.6439992204656,5.35864705731342
3,5.53594927351414,5.99145152311837
4,5.91850465061793,6.38956070508945
5,6.10116984031006,6.6904736391513
6,6.18985946395071,6.8563533176003
7,6.25426027089586,6.94774759226522
8,6.30692179838034,6.99132498549079
9,6.34051774849552,7.02498856490559
10,6.36825978621857,7.04080449158248
11,6.39133570969384,7.05212764624932
12,6.40280787215404,7.05990722008215
